{"name":"计算机图形学","description":"计算机图形学计算机图形学计算机图形学计算机图形学计算机图形学计算机图形学计算机图形学计算机图形学计算机图形学","classify":"graph","status":"process","id":"84d8d91e2e9bad1e871ae8ca00fac8ab","categoryInfos":[{"name":"计算机图形学导论","category":[{"name":"01第一章_简介","category":[],"type":"file","selectable":true,"id":"39ca5049a19459bb5cc198f993c4d36e-d82089a2bc4cb7ae60696de30735c847","htmlPath":"/84d8d91e2e9bad1e871ae8ca00fac8ab/d82089a2bc4cb7ae60696de30735c847.html"},{"name":"03第三章_二维图元的基本光栅图形学算法","category":[{"name":"01概要","category":[],"type":"file","selectable":true,"id":"39ca5049a19459bb5cc198f993c4d36e-bb1e12d95dfd97e7b17d773d2d0c5610-8eebfcb267e8fd41bd82ee21236aeef4","htmlPath":"/84d8d91e2e9bad1e871ae8ca00fac8ab/8eebfcb267e8fd41bd82ee21236aeef4.html"},{"name":"02直线的扫描转换","category":[],"type":"file","selectable":true,"id":"39ca5049a19459bb5cc198f993c4d36e-bb1e12d95dfd97e7b17d773d2d0c5610-994dee5e8de05cfbcc190f7a4e5baeb3","htmlPath":"/84d8d91e2e9bad1e871ae8ca00fac8ab/994dee5e8de05cfbcc190f7a4e5baeb3.html"},{"name":"03圆的扫描转换","category":[],"type":"file","selectable":true,"id":"39ca5049a19459bb5cc198f993c4d36e-bb1e12d95dfd97e7b17d773d2d0c5610-6a5464baf63b10bcf7aa96d98cb6db73","htmlPath":"/84d8d91e2e9bad1e871ae8ca00fac8ab/6a5464baf63b10bcf7aa96d98cb6db73.html"}],"type":"category","selectable":false,"id":"39ca5049a19459bb5cc198f993c4d36e-bb1e12d95dfd97e7b17d773d2d0c5610"}],"type":"category","selectable":false,"id":"39ca5049a19459bb5cc198f993c4d36e"}]}