{"name":"计算机图形学","category":[{"name":"01第一章_简介.md","category":[],"type":"file","selectable":true,"id":"6f7e49ec2e3be0d0472946b2e884bf71-f4c8ca46906ab020a96992092843b716","htmlPath":"/84d8d91e2e9bad1e871ae8ca00fac8ab/f4c8ca46906ab020a96992092843b716.html"},{"name":"03第三章_二维图元的基本光栅图形学算法","category":[{"name":"01概要.md","category":[],"type":"file","selectable":true,"id":"6f7e49ec2e3be0d0472946b2e884bf71-3ffee8c8f2154e48d2ba89a6bdcafc6c-1e3af09021bf32e1050901405e918a78","htmlPath":"/84d8d91e2e9bad1e871ae8ca00fac8ab/1e3af09021bf32e1050901405e918a78.html"},{"name":"02直线的扫描转换.md","category":[],"type":"file","selectable":true,"id":"6f7e49ec2e3be0d0472946b2e884bf71-3ffee8c8f2154e48d2ba89a6bdcafc6c-21147aff86e44816a146a4707c1f3120","htmlPath":"/84d8d91e2e9bad1e871ae8ca00fac8ab/21147aff86e44816a146a4707c1f3120.html"},{"name":"03圆的扫描转换.md","category":[],"type":"file","selectable":true,"id":"6f7e49ec2e3be0d0472946b2e884bf71-3ffee8c8f2154e48d2ba89a6bdcafc6c-e1738765039ebad5b6374ba0985bc6ee","htmlPath":"/84d8d91e2e9bad1e871ae8ca00fac8ab/e1738765039ebad5b6374ba0985bc6ee.html"}],"type":"category","selectable":false,"id":"6f7e49ec2e3be0d0472946b2e884bf71-3ffee8c8f2154e48d2ba89a6bdcafc6c"}],"type":"category","selectable":false,"id":"6f7e49ec2e3be0d0472946b2e884bf71"}