{"name":"GIS原理(一)","classify":"gis","description":"地理信息系统的核心问题可归纳为五个方面的内容：位置、条件、变化趋势、模式和模型","status":"process","id":"8d25c31bc9dc518edf3f44963ce6292e","categoryInfos":[{"name":"1_概述","category":[{"name":"1_地理信息系统的功能概述","category":[],"type":"file","selectable":true,"id":"35b034583233d6d61ea9239bfa2a1ae5-0357e57346ae8c370dd61ed02d171557","htmlPath":"/8d25c31bc9dc518edf3f44963ce6292e/0357e57346ae8c370dd61ed02d171557.html"}],"type":"category","selectable":false,"id":"35b034583233d6d61ea9239bfa2a1ae5"},{"name":"2_从现实世界到比特世界","category":[],"type":"category","selectable":false,"id":"0a8b0b64cc0467d283c2844940f34dfa"},{"name":"3_空间数据模型","category":[],"type":"category","selectable":false,"id":"10eb9e1fe2a906d10f5cfb3c47be6399"},{"name":"4_空间参照系统和地图投影","category":[],"type":"category","selectable":false,"id":"2a4d952d5d9738908b1b457e153d0f34"},{"name":"5_GIS中的数据","category":[],"type":"category","selectable":false,"id":"18d469970f2e364df36635637d82f14d"},{"name":"6_空间数据获取","category":[],"type":"category","selectable":false,"id":"e0162e74397610ac99c124755dc5eb74"},{"name":"7_空间数据管理","category":[],"type":"category","selectable":false,"id":"a4f64b77004942a4edbb7c07bae774b2"}]}