{"name":"数字图像处理导论","description":"数字图像处理导论","classify":"graph","id":"8d2b0d4935860c51ee1451ed234b0267","categoryInfos":[{"name":"00_导论","category":[],"type":"file","selectable":true,"id":"37e33b6fd6b4c1f7c689ce2600249076","htmlPath":"/8d2b0d4935860c51ee1451ed234b0267\\37e33b6fd6b4c1f7c689ce2600249076.html"},{"name":"01_人类视觉和色度学的基本知识","category":[],"type":"file","selectable":true,"id":"decb2e284aa155158b74ddf545177cc3","htmlPath":"/8d2b0d4935860c51ee1451ed234b0267\\decb2e284aa155158b74ddf545177cc3.html"}]}