{"name":"地理信息系统原理","description":"地理信息系统原理","classify":"gis","id":"f8acd6563af86ffc9d9866efca350ca7","categoryInfos":[{"name":"02_空间数据结构","category":[],"type":"category","selectable":false,"id":"7325b1baf17f70d1395786c3c6c18dc0"},{"name":"03_GIS地理数学基础","category":[],"type":"category","selectable":false,"id":"647b2a67586090c0da58f05a76bef55b"},{"name":"第二章 空间数据结构","category":[],"type":"category","selectable":false,"id":"889c4f399d2895eda96a91084215c591"}]}