{"name":"地理信息系统算法基础","description":"本书旨在对GIS基础软件、应用软件，以及GIS应用过程中涉及的基本的GIS算法及其应用做一较为全面系统的介绍和分析","classify":"gis","id":"82ae04a52990c6c634324d81fae51735","categoryInfos":[{"name":"01_第一章算法设计与分析","category":[],"type":"file","selectable":true,"id":"89854c0e46e40bde6d4d5e9b63fdc579","htmlPath":"/82ae04a52990c6c634324d81fae51735\\89854c0e46e40bde6d4d5e9b63fdc579.html"},{"name":"02_第二章GIS算法中的计算几何基础","category":[],"type":"file","selectable":true,"id":"198f9fa41764fbd7c3a6bc75906af320","htmlPath":"/82ae04a52990c6c634324d81fae51735\\198f9fa41764fbd7c3a6bc75906af320.html"},{"name":"03_第三章空间数据的变换算法","category":[],"type":"file","selectable":true,"id":"bc4c62b2af5ff9b51f12ac91761e1af2","htmlPath":"/82ae04a52990c6c634324d81fae51735\\bc4c62b2af5ff9b51f12ac91761e1af2.html"},{"name":"04_空间数据的组织算法","category":[],"type":"file","selectable":true,"id":"2ced6e05afeb734d358954f76170dfdf","htmlPath":"/82ae04a52990c6c634324d81fae51735\\2ced6e05afeb734d358954f76170dfdf.html"},{"name":"04_第四章空间数据转换算法","category":[],"type":"file","selectable":true,"id":"38eb9c81db738f8f0353fc90f006b63e","htmlPath":"/82ae04a52990c6c634324d81fae51735\\38eb9c81db738f8f0353fc90f006b63e.html"},{"name":"05_空间度量算法","category":[],"type":"file","selectable":true,"id":"acab1ce64ee4eb05240c63f9b782006c","htmlPath":"/82ae04a52990c6c634324d81fae51735\\acab1ce64ee4eb05240c63f9b782006c.html"},{"name":"06_空间数据索引算法","category":[],"type":"file","selectable":true,"id":"f0da554f95be705c7505db6d5724c601","htmlPath":"/82ae04a52990c6c634324d81fae51735\\f0da554f95be705c7505db6d5724c601.html"},{"name":"12_空间数据挖掘算法","category":[],"type":"file","selectable":true,"id":"516827024e692147d3a4b1ca189e8768","htmlPath":"/82ae04a52990c6c634324d81fae51735\\516827024e692147d3a4b1ca189e8768.html"},{"name":"13_数据输出算法","category":[],"type":"file","selectable":true,"id":"7f7a9dfc137f7f64864d3dafc0c87c34","htmlPath":"/82ae04a52990c6c634324d81fae51735\\7f7a9dfc137f7f64864d3dafc0c87c34.html"}]}