{"name":"计算机图形学","description":"计算机图形学计算机图形学计算机图形学计算机图形学计算机图形学计算机图形学计算机图形学计算机图形学计算机图形学","classify":"graph","id":"84d8d91e2e9bad1e871ae8ca00fac8ab","categoryInfos":[{"name":"01第一章_简介","category":[],"type":"file","selectable":true,"id":"de25ea06c2387256d9a9452de24a54ae","htmlPath":"/84d8d91e2e9bad1e871ae8ca00fac8ab\\de25ea06c2387256d9a9452de24a54ae.html"},{"name":"03第三章_二维图元的基本光栅图形学算法","category":[],"type":"category","selectable":false,"id":"302c20bce8df3edbc46ebfae6f43ffee"}]}