{"name":"3D计算机图形学","description":"3D计算机图形学","classify":"graph","id":"9cffdd59024acc425eb4570e4671b29c","categoryInfos":[{"name":"01_ 计算机图形学的数学基础","category":[],"type":"file","selectable":true,"id":"8690a230ea2ca815dec07f7648484ce7","htmlPath":"/9cffdd59024acc425eb4570e4671b29c\\8690a230ea2ca815dec07f7648484ce7.html"},{"name":"02_三维物体的建模和表示(1)","category":[],"type":"file","selectable":true,"id":"97a3a1c13fda444e6728ea4c034ad64b","htmlPath":"/9cffdd59024acc425eb4570e4671b29c\\97a3a1c13fda444e6728ea4c034ad64b.html"},{"name":"03_三维物体的表示和建模(2)","category":[],"type":"file","selectable":true,"id":"7414eb1ab49e097c8aeab01149036597","htmlPath":"/9cffdd59024acc425eb4570e4671b29c\\7414eb1ab49e097c8aeab01149036597.html"},{"name":"04_表示和绘制","category":[],"type":"file","selectable":true,"id":"8f96b4731c50036238a878d446daf265","htmlPath":"/9cffdd59024acc425eb4570e4671b29c\\8f96b4731c50036238a878d446daf265.html"},{"name":"第一章 计算机图形学的数学基础","category":[],"type":"file","selectable":true,"id":"fe5c56bfde0a8d4b54f9e6e5a0076a03","htmlPath":"/9cffdd59024acc425eb4570e4671b29c\\fe5c56bfde0a8d4b54f9e6e5a0076a03.html"},{"name":"第二章 三维物体的表示和建模","category":[],"type":"file","selectable":true,"id":"5d84b106ac934c69e11e341d88657473","htmlPath":"/9cffdd59024acc425eb4570e4671b29c\\5d84b106ac934c69e11e341d88657473.html"}]}