[{"name":"3D计算机图形学","description":"3D计算机图形学","classify":"graph","id":"9cffdd59024acc425eb4570e4671b29c"},{"name":"计算机图形学","description":"计算机图形学计算机图形学计算机图形学计算机图形学计算机图形学计算机图形学计算机图形学计算机图形学计算机图形学","classify":"graph","id":"84d8d91e2e9bad1e871ae8ca00fac8ab"},{"name":"数字图像处理导论","description":"数字图像处理导论","classify":"graph","id":"8d2b0d4935860c51ee1451ed234b0267"}]