{"name":"地理信息系统算法基础","description":"本书旨在对GIS基础软件、应用软件，以及GIS应用过程中涉及的基本的GIS算法及其应用做一较为全面系统的介绍和分析","classify":"gis","id":"82ae04a52990c6c634324d81fae51735","categoryInfos":[{"name":"01_第一章算法设计与分析","category":[],"type":"file","selectable":true,"id":"34757e5a7cc250632419ade3df094bce","htmlPath":"/82ae04a52990c6c634324d81fae51735/34757e5a7cc250632419ade3df094bce.html"},{"name":"02_第二章GIS算法中的计算几何基础","category":[],"type":"file","selectable":true,"id":"e77d826ca839f9a70f5be7b4f4df5c69","htmlPath":"/82ae04a52990c6c634324d81fae51735/e77d826ca839f9a70f5be7b4f4df5c69.html"},{"name":"03_空间数据转换算法","category":[],"type":"file","selectable":true,"id":"dcafbcadc321732cca0ca4816b32ecc2","htmlPath":"/82ae04a52990c6c634324d81fae51735/dcafbcadc321732cca0ca4816b32ecc2.html"},{"name":"03_第三章空间数据的变换算法","category":[],"type":"file","selectable":true,"id":"b0b056cfa57cfb0b5e8e87d0362e251a","htmlPath":"/82ae04a52990c6c634324d81fae51735/b0b056cfa57cfb0b5e8e87d0362e251a.html"},{"name":"04_空间数据的组织算法","category":[],"type":"file","selectable":true,"id":"7e9901d763a4ad0b0c8573ba950dca3c","htmlPath":"/82ae04a52990c6c634324d81fae51735/7e9901d763a4ad0b0c8573ba950dca3c.html"},{"name":"05_空间度量算法","category":[],"type":"file","selectable":true,"id":"deb3f62d3b5d9aa1cf9f0a45c7c4f05e","htmlPath":"/82ae04a52990c6c634324d81fae51735/deb3f62d3b5d9aa1cf9f0a45c7c4f05e.html"},{"name":"06_空间数据索引算法","category":[],"type":"file","selectable":true,"id":"d7b24549ec5fb6279612947879f17798","htmlPath":"/82ae04a52990c6c634324d81fae51735/d7b24549ec5fb6279612947879f17798.html"},{"name":"12_空间数据挖掘算法","category":[],"type":"file","selectable":true,"id":"c61d487f61f505490a335a5ff5d4c7ad","htmlPath":"/82ae04a52990c6c634324d81fae51735/c61d487f61f505490a335a5ff5d4c7ad.html"},{"name":"13_数据输出算法","category":[],"type":"file","selectable":true,"id":"55955f96617cec450ee91df09c4c5369","htmlPath":"/82ae04a52990c6c634324d81fae51735/55955f96617cec450ee91df09c4c5369.html"}]}