{"name":"计算机图形学","description":"计算机图形学计算机图形学计算机图形学计算机图形学计算机图形学计算机图形学计算机图形学计算机图形学计算机图形学","classify":"graph","id":"84d8d91e2e9bad1e871ae8ca00fac8ab","categoryInfos":[{"name":"01第一章_简介","category":[],"type":"file","selectable":true,"id":"8986d06d37d86dee9d66713c6a8b803b","htmlPath":"/84d8d91e2e9bad1e871ae8ca00fac8ab/8986d06d37d86dee9d66713c6a8b803b.html"},{"name":"03第三章_二维图元的基本光栅图形学算法","category":[{"name":"01概要","category":[],"type":"file","selectable":true,"id":"03e760fe71bd5dc0c9d20ddeb1fa6881-5d51ecb1301f63ded1a14d48661e3d47","htmlPath":"/84d8d91e2e9bad1e871ae8ca00fac8ab/5d51ecb1301f63ded1a14d48661e3d47.html"},{"name":"02直线的扫描转换","category":[],"type":"file","selectable":true,"id":"03e760fe71bd5dc0c9d20ddeb1fa6881-d578f3010cf4562328ba14aab0a62d6c","htmlPath":"/84d8d91e2e9bad1e871ae8ca00fac8ab/d578f3010cf4562328ba14aab0a62d6c.html"},{"name":"03圆的扫描转换","category":[],"type":"file","selectable":true,"id":"03e760fe71bd5dc0c9d20ddeb1fa6881-5dd77a204907ece14cfaf5249a978a14","htmlPath":"/84d8d91e2e9bad1e871ae8ca00fac8ab/5dd77a204907ece14cfaf5249a978a14.html"}],"type":"category","selectable":false,"id":"03e760fe71bd5dc0c9d20ddeb1fa6881"}]}