{"name":"GIS原理(一)","description":"地理信息系统的核心问题可归纳为五个方面的内容：位置、条件、变化趋势、模式和模型","classify":"gis","id":"8d25c31bc9dc518edf3f44963ce6292e","categoryInfos":[{"name":"1_概述","category":[{"name":"1_地理信息系统的功能概述","category":[],"type":"file","selectable":true,"id":"0a0cea7179f52ac6c7374652165b85a1-f47a54c4ec9eb397167c737db77c6d2e","htmlPath":"/8d25c31bc9dc518edf3f44963ce6292e/f47a54c4ec9eb397167c737db77c6d2e.html"}],"type":"category","selectable":false,"id":"0a0cea7179f52ac6c7374652165b85a1"}]}