{"name":"数字图像处理导论","description":"数字图像处理导论","classify":"graph","id":"8d2b0d4935860c51ee1451ed234b0267","categoryInfos":[{"name":"00_导论","category":[],"type":"file","selectable":true,"id":"545e5d24efcbcd2899ffa90b23934642","htmlPath":"/8d2b0d4935860c51ee1451ed234b0267/545e5d24efcbcd2899ffa90b23934642.html"},{"name":"01_人类视觉和色度学的基本知识","category":[],"type":"file","selectable":true,"id":"a80bd155c124ab78499493bf7dc18840","htmlPath":"/8d2b0d4935860c51ee1451ed234b0267/a80bd155c124ab78499493bf7dc18840.html"}]}