{"name":"3D计算机图形学","description":"3D计算机图形学","classify":"graph","id":"9cffdd59024acc425eb4570e4671b29c","categoryInfos":[{"name":"01_ 计算机图形学的数学基础","category":[],"type":"file","selectable":true,"id":"e66b6e09b594e729d2ce2687c524171a","htmlPath":"/9cffdd59024acc425eb4570e4671b29c/e66b6e09b594e729d2ce2687c524171a.html"},{"name":"01_ 计算机图形学的数学基础.pdf","category":[],"type":"category","selectable":false,"id":"452f876cc2e4c9ab217b1d641b1fd6d9"},{"name":"02_三维物体的建模和表示(1)","category":[],"type":"file","selectable":true,"id":"3af21447eb529ff009d09bda2db5bd81","htmlPath":"/9cffdd59024acc425eb4570e4671b29c/3af21447eb529ff009d09bda2db5bd81.html"},{"name":"02_三维物体的建模和表示(1).pdf","category":[],"type":"category","selectable":false,"id":"5503eff8f1c723e452cd0408c3e0e5ff"},{"name":"03_三维物体的表示和建模(2)","category":[],"type":"file","selectable":true,"id":"3494cc1ee7c0b5c2569412362dd45e58","htmlPath":"/9cffdd59024acc425eb4570e4671b29c/3494cc1ee7c0b5c2569412362dd45e58.html"},{"name":"04_表示和绘制","category":[],"type":"file","selectable":true,"id":"cfa8b3bf8c57bf556ade84979c7255fc","htmlPath":"/9cffdd59024acc425eb4570e4671b29c/cfa8b3bf8c57bf556ade84979c7255fc.html"},{"name":"第一章 计算机图形学的数学基础","category":[],"type":"file","selectable":true,"id":"d76dcbd87489ef4677d7992520f06f5d","htmlPath":"/9cffdd59024acc425eb4570e4671b29c/d76dcbd87489ef4677d7992520f06f5d.html"},{"name":"第二章 三维物体的表示和建模","category":[],"type":"file","selectable":true,"id":"f756415d6818565960184803c04f1458","htmlPath":"/9cffdd59024acc425eb4570e4671b29c/f756415d6818565960184803c04f1458.html"}]}