{"name":"地理信息系统原理","description":"地理信息系统原理","classify":"gis","id":"f8acd6563af86ffc9d9866efca350ca7","categoryInfos":[{"name":"02_空间数据结构","category":[{"name":"03_栅格数据结构","category":[],"type":"file","selectable":true,"id":"befe84208ee0a521a7a5594c8b79e110-7c159088e698b37b4821700c71ace6d7","htmlPath":"/f8acd6563af86ffc9d9866efca350ca7/7c159088e698b37b4821700c71ace6d7.html"},{"name":"04_矢量数据结构","category":[],"type":"file","selectable":true,"id":"befe84208ee0a521a7a5594c8b79e110-7a8cf8a088cbd39e16a0829aba8355e9","htmlPath":"/f8acd6563af86ffc9d9866efca350ca7/7a8cf8a088cbd39e16a0829aba8355e9.html"}],"type":"category","selectable":false,"id":"befe84208ee0a521a7a5594c8b79e110"},{"name":"03_GIS地理数学基础","category":[{"name":"01_地球椭球体与大地控制","category":[],"type":"file","selectable":true,"id":"d744c7752a74dc737411c7a99e7e2554-f2ee84f9cca075f713eae742ab35fb08","htmlPath":"/f8acd6563af86ffc9d9866efca350ca7/f2ee84f9cca075f713eae742ab35fb08.html"},{"name":"02_地图投影概述","category":[],"type":"file","selectable":true,"id":"d744c7752a74dc737411c7a99e7e2554-5134a13bc9a8854e7c4c1f8f539683f6","htmlPath":"/f8acd6563af86ffc9d9866efca350ca7/5134a13bc9a8854e7c4c1f8f539683f6.html"},{"name":"03_地图投影的应用","category":[],"type":"file","selectable":true,"id":"d744c7752a74dc737411c7a99e7e2554-b001dfbebd94c519ef427f855f968507","htmlPath":"/f8acd6563af86ffc9d9866efca350ca7/b001dfbebd94c519ef427f855f968507.html"}],"type":"category","selectable":false,"id":"d744c7752a74dc737411c7a99e7e2554"},{"name":"第二章 空间数据结构","category":[{"name":"1_空间认知模型","category":[],"type":"file","selectable":true,"id":"b7124f698bb40069dc80d18b4227e2ea-40e659242311ddf06b6d3ac4301c8429","htmlPath":"/f8acd6563af86ffc9d9866efca350ca7/40e659242311ddf06b6d3ac4301c8429.html"},{"name":"2_空间实体模型","category":[],"type":"file","selectable":true,"id":"b7124f698bb40069dc80d18b4227e2ea-e82a991506c49b72f49f3e6f6402c2f7","htmlPath":"/f8acd6563af86ffc9d9866efca350ca7/e82a991506c49b72f49f3e6f6402c2f7.html"}],"type":"category","selectable":false,"id":"b7124f698bb40069dc80d18b4227e2ea"}]}