[{"name":"GIS原理(一)","description":"地理信息系统的核心问题可归纳为五个方面的内容：位置、条件、变化趋势、模式和模型","classify":"gis","id":"8d25c31bc9dc518edf3f44963ce6292e"},{"name":"地理信息系统算法基础","description":"本书旨在对GIS基础软件、应用软件，以及GIS应用过程中涉及的基本的GIS算法及其应用做一较为全面系统的介绍和分析","classify":"gis","id":"82ae04a52990c6c634324d81fae51735"},{"name":"地理信息系统原理","description":"地理信息系统原理","classify":"gis","id":"f8acd6563af86ffc9d9866efca350ca7"}]